{
	"info": {
		"_postman_id": "479746bd-bcd6-4b27-b179-c05c913248e0",
		"name": "TestAPIGITHUBACTION",
		"schema": "https://schema.getpostman.com/json/collection/v2.1.0/collection.json",
		"_exporter_id": "9386974"
	},
	"item": [
		{
			"name": "https://fresh-linkedin-profile-data.p.rapidapi.com/get-profile-pdf-cv?linkedin_url=https%3A%2F%2Fwww.linkedin.com%2Fin%2Fwilliamhgates%2F",
			"request": {
				"method": "GET",
				"header": [
					{
						"key": "x-rapidapi-host",
						"value": "fresh-linkedin-profile-data.p.rapidapi.com"
					},
					{
						"key": "x-rapidapi-key",
						"value": "10283376fcmsh2424bd4931d44efp18f6f3jsn28c79be91c36"
					}
				],
				"url": {
					"raw": "https://fresh-linkedin-profile-data.p.rapidapi.com/get-profile-pdf-cv?linkedin_url=https%3A%2F%2Fwww.linkedin.com%2Fin%2Fwilliamhgates%2F",
					"protocol": "https",
					"host": [
						"fresh-linkedin-profile-data",
						"p",
						"rapidapi",
						"com"
					],
					"path": [
						"get-profile-pdf-cv"
					],
					"query": [
						{
							"key": "linkedin_url",
							"value": "https%3A%2F%2Fwww.linkedin.com%2Fin%2Fwilliamhgates%2F"
						}
					]
				},
				"description": "Generated from cURL: curl --request GET \\\r\n\t--url 'https://fresh-linkedin-profile-data.p.rapidapi.com/get-profile-pdf-cv?linkedin_url=https%3A%2F%2Fwww.linkedin.com%2Fin%2Fwilliamhgates%2F' \\\r\n\t--header 'x-rapidapi-host: fresh-linkedin-profile-data.p.rapidapi.com' \\\r\n\t--header 'x-rapidapi-key: 10283376fcmsh2424bd4931d44efp18f6f3jsn28c79be91c36'"
			},
			"response": []
		},
		{
			"name": "https://fresh-linkedin-profile-data.p.rapidapi.com/google-full-profiles",
			"request": {
				"method": "POST",
				"header": [
					{
						"key": "Content-Type",
						"value": "application/json"
					},
					{
						"key": "x-rapidapi-host",
						"value": "fresh-linkedin-profile-data.p.rapidapi.com"
					},
					{
						"key": "x-rapidapi-key",
						"value": "10283376fcmsh2424bd4931d44efp18f6f3jsn28c79be91c36"
					}
				],
				"body": {
					"mode": "raw",
					"raw": "{\"name\":\"Anthony James\",\"company_name\":\"\",\"job_title\":\"CEO\",\"location\":\"US\",\"keywords\":\"\",\"limit\":5}",
					"options": {
						"raw": {
							"language": "json"
						}
					}
				},
				"url": {
					"raw": "https://fresh-linkedin-profile-data.p.rapidapi.com/google-full-profiles",
					"protocol": "https",
					"host": [
						"fresh-linkedin-profile-data",
						"p",
						"rapidapi",
						"com"
					],
					"path": [
						"google-full-profiles"
					]
				},
				"description": "Generated from cURL: curl --request POST \\\r\n\t--url https://fresh-linkedin-profile-data.p.rapidapi.com/google-full-profiles \\\r\n\t--header 'Content-Type: application/json' \\\r\n\t--header 'x-rapidapi-host: fresh-linkedin-profile-data.p.rapidapi.com' \\\r\n\t--header 'x-rapidapi-key: 10283376fcmsh2424bd4931d44efp18f6f3jsn28c79be91c36' \\\r\n\t--data '{\"name\":\"Anthony James\",\"company_name\":\"\",\"job_title\":\"CEO\",\"location\":\"US\",\"keywords\":\"\",\"limit\":5}'"
			},
			"response": []
		}
	]
}